{
  "mae": 0.02968312375512859,
  "rmse": 0.03132550598169402,
  "r2": -8.694779013557635
}